,id,name
0,acd3fff5-f439-11ea-96ce-40a3cc8d5bcf,GRANT MARSHALL
1,b1794aa3-f439-11ea-bf9c-40a3cc8d5bcf,PENA VALDEZ
2,b44a1059-f439-11ea-86ff-40a3cc8d5bcf,JESSICA MILES
3,b7196340-f439-11ea-805b-40a3cc8d5bcf,KERRI BARBER
4,ba1b75d4-f439-11ea-88aa-40a3cc8d5bcf,NATASHA GAMBLE
5,bce5a5cf-f439-11ea-a907-40a3cc8d5bcf,WHITE CASTANEDA
6,bfcd8dff-f439-11ea-826a-40a3cc8d5bcf,VANESSA RYAN
7,c2df1b97-f439-11ea-9d6c-40a3cc8d5bcf,MEREDITH HENDRICKS
8,c691b3b3-f439-11ea-957d-40a3cc8d5bcf,CAROL KELLY
9,ca71a839-f439-11ea-9518-40a3cc8d5bcf,BARRERA RAMSEY
10,cde683c2-f439-11ea-8278-40a3cc8d5bcf,JULIA PETERSEN
11,d17a5eec-f439-11ea-a3b0-40a3cc8d5bcf,HOLMAN VALENCIA
12,d3e531e5-f439-11ea-9528-40a3cc8d5bcf,MARISA CAIN
13,d7cadbf5-f439-11ea-8e01-40a3cc8d5bcf,DEJESUS NORRIS
14,db54b696-f439-11ea-90d6-40a3cc8d5bcf,GAYLE GAINES
15,df040184-f439-11ea-a86f-40a3cc8d5bcf,PRINCE PHELPS
16,e2d69164-f439-11ea-b967-40a3cc8d5bcf,KERI HUDSON
17,e6e0cc9b-f439-11ea-852e-40a3cc8d5bcf,DURAN CLAYTON
18,ea35c970-f439-11ea-851f-40a3cc8d5bcf,SCHMIDT ENGLISH
19,ed84c711-f439-11ea-a48b-40a3cc8d5bcf,LARA LYNN
20,f041c7f4-f439-11ea-b683-40a3cc8d5bcf,PERRY BRADLEY
21,f2d4a7ce-f439-11ea-b2ee-40a3cc8d5bcf,RANDALL HURLEY
22,f62d6cff-f439-11ea-841e-40a3cc8d5bcf,JOSEFA GARDNER
23,f962a643-f439-11ea-b19e-40a3cc8d5bcf,VEGA HAYES
24,fc2cddd5-f439-11ea-994f-40a3cc8d5bcf,FITZGERALD STANTON
25,004581cb-f43a-11ea-9d8e-40a3cc8d5bcf,BURNS MARKS
26,02b33b25-f43a-11ea-a371-40a3cc8d5bcf,BYRD HEWITT
27,0604a00f-f43a-11ea-b5a0-40a3cc8d5bcf,GUERRERO WOODARD
28,0879b3f6-f43a-11ea-8ab1-40a3cc8d5bcf,SOLIS MULLEN
29,0b6e7a00-f43a-11ea-9ee4-40a3cc8d5bcf,LOTTIE STONE
30,0dffbf43-f43a-11ea-b3c8-40a3cc8d5bcf,BATES DUNN
31,108dc794-f43a-11ea-a400-40a3cc8d5bcf,BENTON WILLIS
32,12eaee99-f43a-11ea-b947-40a3cc8d5bcf,BARBARA BERNARD
33,157fabfc-f43a-11ea-b86f-40a3cc8d5bcf,MEGAN SINGLETON
34,1a7b007d-f43a-11ea-a5b9-40a3cc8d5bcf,GUY MCCOY
35,1d2bc0ea-f43a-11ea-8203-40a3cc8d5bcf,CLINE LINDSAY
36,209eda58-f43a-11ea-bdc1-40a3cc8d5bcf,JULIETTE MEDINA
37,23095932-f43a-11ea-ab1d-40a3cc8d5bcf,SUSANNA SIMMONS
38,258995a6-f43a-11ea-8735-40a3cc8d5bcf,MILDRED CLARK
39,28a8691e-f43a-11ea-bafc-40a3cc8d5bcf,VALDEZ BRUCE
40,2b038cdd-f43a-11ea-adaf-40a3cc8d5bcf,WILKERSON HARDIN
41,2d63d0ce-f43a-11ea-87f8-40a3cc8d5bcf,DAISY MCINTYRE
42,2ff47085-f43a-11ea-89c2-40a3cc8d5bcf,LUCILE MCCORMICK
43,34a038b6-f43a-11ea-911f-40a3cc8d5bcf,SAVAGE MAYER
44,37caa897-f43a-11ea-98a1-40a3cc8d5bcf,MANN COX
45,3a586d68-f43a-11ea-bb02-40a3cc8d5bcf,ADRIENNE MILLER
46,3f39ac38-f43a-11ea-b965-40a3cc8d5bcf,COMPTON DEJESUS
47,41e07687-f43a-11ea-ac18-40a3cc8d5bcf,BRITNEY SOTO
48,449d0cea-f43a-11ea-a07d-40a3cc8d5bcf,GILL HANSEN
49,47864e21-f43a-11ea-a0e4-40a3cc8d5bcf,RUSSO MCCRAY
50,4a0c5b08-f43a-11ea-a773-40a3cc8d5bcf,BRYAN CONWAY
51,4c952a89-f43a-11ea-b046-40a3cc8d5bcf,PARSONS MCFADDEN
52,4f31cbe9-f43a-11ea-8834-40a3cc8d5bcf,BURT HAWKINS
53,513995a8-f43a-11ea-8d0d-40a3cc8d5bcf,SHERRI STOKES
54,535f4ccc-f43a-11ea-a89a-40a3cc8d5bcf,DAWN BAUER
55,55eefded-f43a-11ea-a238-40a3cc8d5bcf,PRUITT ACEVEDO
56,587ac205-f43a-11ea-8fda-40a3cc8d5bcf,REYES RIGGS
57,5ab5f0c8-f43a-11ea-895e-40a3cc8d5bcf,MUNOZ BUCKLEY
58,6083bee3-f43a-11ea-b969-40a3cc8d5bcf,MIDDLETON SAWYER
59,6444b992-f43a-11ea-8ea0-40a3cc8d5bcf,CATHY GUZMAN
60,6712ac07-f43a-11ea-9290-40a3cc8d5bcf,WENDI MICHAEL
61,69a5c730-f43a-11ea-ae85-40a3cc8d5bcf,CRAWFORD ODOM
62,6c45ecf3-f43a-11ea-8fb3-40a3cc8d5bcf,SOPHIA COCHRAN
63,6e60098e-f43a-11ea-80cb-40a3cc8d5bcf,PETRA BREWER
64,70b9cf17-f43a-11ea-aa6c-40a3cc8d5bcf,LUCY BENDER
65,73015c21-f43a-11ea-9983-40a3cc8d5bcf,SADIE FRAZIER
66,75769c1d-f43a-11ea-8c76-40a3cc8d5bcf,CROSBY MEADOWS
67,77eb6267-f43a-11ea-8097-40a3cc8d5bcf,JEAN WILEY
68,7ba53a42-f43a-11ea-bd03-40a3cc8d5bcf,BLEVINS FLETCHER
69,7e085b65-f43a-11ea-8ed6-40a3cc8d5bcf,MOSES KIRK
70,8154aed5-f43a-11ea-8579-40a3cc8d5bcf,BERG DAVIDSON
71,83c56b03-f43a-11ea-a19b-40a3cc8d5bcf,RIVAS BARTLETT
72,86316c70-f43a-11ea-8a10-40a3cc8d5bcf,FLOSSIE HOLLAND
73,889c5127-f43a-11ea-80f3-40a3cc8d5bcf,COOK RODGERS
74,8b1673ed-f43a-11ea-8913-40a3cc8d5bcf,BLACK GOLDEN
75,8e433337-f43a-11ea-bcf1-40a3cc8d5bcf,SWANSON CLARKE
76,910af3a6-f43a-11ea-8591-40a3cc8d5bcf,LINDSEY MCGOWAN
77,93c30fd7-f43a-11ea-806c-40a3cc8d5bcf,SOTO EDWARDS
78,96501490-f43a-11ea-afd4-40a3cc8d5bcf,MARCIA GREER
79,98724255-f43a-11ea-9bad-40a3cc8d5bcf,MENDOZA CARVER
80,9acf6814-f43a-11ea-83c4-40a3cc8d5bcf,DRAKE MORIN
81,9d910402-f43a-11ea-940f-40a3cc8d5bcf,STAFFORD CARRILLO
82,9fce6ff8-f43a-11ea-9661-40a3cc8d5bcf,JANICE WILDER
83,a2a3943f-f43a-11ea-94b6-40a3cc8d5bcf,SIMON COWELL
84,a749c11e-f43a-11ea-bb16-40a3cc8d5bcf,MEL B
85,a9a498bd-f43a-11ea-a2da-40a3cc8d5bcf,HOWIE
86,ad40394d-f43a-11ea-94b2-40a3cc8d5bcf,HEIDI
87,b2f73fdf-f43a-11ea-9413-40a3cc8d5bcf,PALO DYBALA
88,b9f44784-f43a-11ea-b6b4-40a3cc8d5bcf,JUSTIN BEIBER
89,bf283046-f43a-11ea-8e1b-40a3cc8d5bcf,TAYLOR SWIFT
